x1,x2,x3,y
-0.5066734823604357,0.04249063554449983,-0.9074134113147265,0.4451267275165637
-0.5962964232266179,0.9872759209151096,-0.16145127799432468,4.8776192579608235
0.9516300163627189,-0.12522176585620137,0.718192354865199,6.368952070098518
-0.999991246491063,-0.1223101084967777,-0.33066080116216945,-4.077019397524144
0.4117430148797758,1.0,-0.14334277883113034,8.560904134990663
0.5521254511324012,0.13733838275487797,0.8876763982138094,0.9195289162952223
0.06863416752739315,-0.4140291221329244,0.502138419223523,0.259504930393757
-0.19698969494529184,0.34168406508901583,1.0,2.4382587685118287
-0.6954756523449748,1.0,-1.0,1.2876811144036933
-0.9791641009619325,-0.7604335935061728,-0.2529083209201348,2.2158060495499683
-0.4101011054646826,-0.549454163672227,-0.5894404231994701,1.0124396712013126
-0.8069391540913331,0.2234317560749819,-0.4916190594279668,-0.7139700170302845
-0.02258491275260721,-1.0,-0.8382918048454457,-8.682394797547824
-0.7198819075925142,-0.7032164066385589,-1.0,-0.4871118127153944
0.9150507682676374,0.5997771105903931,-1.0,7.847837718628178
-1.0,-0.6873186628368393,-0.8600577304976873,1.9169061534420946
0.1874451865730522,-1.0,-0.8017473738908574,-8.024875514917701
0.8046921799236213,-1.0,0.5582943840170802,-3.138613797950981
-1.0,0.6877048756554542,-0.09356526443986679,-0.6845452495942914
0.9080990997677878,-0.6906897023152008,0.6077801430214136,2.023123757847828
0.9268918396321681,-0.4133867184974116,0.07890107394882273,2.5988720480650125
1.0,0.790528341416785,0.19577245993046577,9.380002980077398
1.0,-0.9907259777414525,-0.05829608027062427,-7.724792409231476
-0.7423518417567756,0.12074992669416185,0.9474930018046326,1.9652152318467668
-0.2873689402497108,-0.01686128449508728,0.5737915907704421,0.08658464280726985
-0.7740054569773658,0.4399114523215917,-0.48459534439505614,-1.8589747877848288
1.0,-1.0,-1.0,-28.90085838776599
-0.6401411344990813,-1.0,1.0,-0.34693689041645037
0.9769676497745263,-0.9696529325891852,0.9680063829930952,-6.553318066519461
1.0,0.3574104218846321,-0.8699891474334103,8.833843903928539
0.2581033655174929,1.0,-0.9954127562877138,6.129004972222437
0.080296513375679,-1.0,-0.7179610114449562,-4.459683704693867
-0.3982168697454056,-0.056736415887001845,-0.18142263982232598,0.17741747350764953
1.0,-1.0,-0.9720699690778725,-26.996397785865327
0.7523136781284276,0.4923843664486236,0.4315034270380196,3.525595421666526
-0.0894140741416527,-0.3748798057053093,-1.0,-4.169322539365769
-0.4361823376226981,-0.19250060248069079,-0.015831817574324836,0.6678083870310072
-0.5439063696084634,-0.02935499870560032,-0.4575722887094762,-0.21942327738915976
1.0,0.3266625269626344,0.14458998544990376,5.866482587480965
0.6706753386919067,1.0,0.2501849137172294,7.551985367785471
0.8909486637693942,-1.0,-0.12050415256691305,-5.809784705261973
0.5968412988176985,-0.8837848291453521,-0.8845962617389105,-8.460873977172279
0.22373795579245903,0.2995137757960611,1.0,0.543475980113865
-0.25078683101123533,1.0,1.0,14.92862100188693
-1.0,-0.6644085134086068,-0.028677693225513945,0.40774211344100897
-1.0,-0.2620110303912515,0.6054148655698,-1.5471218355083316
0.17706411431238211,0.7389692992365564,0.6290388435509493,2.024789194251881
-0.6748290852245766,1.0,1.0,16.063882634561818
-0.7306259560183912,-0.45385609885615485,0.6865979641330162,1.4639865691199803
-0.5605232752809646,0.7324314482976828,-0.06142107340641845,-1.105669236193673
-0.6424106844703152,-0.017405168649891722,-0.6453728256569007,0.4450058248533261
-0.09431465262545191,0.39576619437478433,-0.7023668787604394,0.3630271620337707
-0.8238805163897318,0.11358876279350971,1.0,2.7000103443851606
-0.08095201301960242,-1.0,0.0581259266756069,2.6116750897124676
0.3200600471910411,0.7020687747963343,-0.7556824702086142,0.671988857376015
-1.0,-0.35452907607108686,-1.0,7.072537259065801
0.39831114905102893,1.0,0.7067770795589521,8.770573067956697
0.3139297997984847,-0.9682308333855043,-0.24011191252738873,1.2212995892929734
-0.3165412211835157,-0.9817303256252414,-1.0,-14.4393010528455
0.07512473756493288,1.0,0.08032498811632949,7.606449646960566
-1.0,-0.45922416109905684,-0.2896250333383661,-1.0904669629504558
1.0,-0.32536209486527334,-0.2201883377544709,4.389577290793612
0.8272832892153039,-0.11662327646843895,0.20360237014799387,2.319862845335688
0.6603372911819803,-0.04701998682829234,0.9770770506576638,0.5099060188268906
0.591393147955743,-0.4571047724668085,1.0,-2.7106142319432394
-1.0,-0.0889337676419184,0.22081997468177228,-4.0852145376307805
-0.2020170408544344,-1.0,-1.0,-15.573722308349753
-0.8513339269486779,-0.545209730916417,-0.24474143990867736,1.4667902403557012
1.0,-0.08947147946607714,-0.7750823822992272,6.922666011024937
0.5523578582271491,0.1717247790434342,0.4910296035464772,1.7873158129498739
0.034144814750266095,-0.3074534950575172,1.0,-0.675945981135448
0.4412742498958999,0.4793419028565269,-0.5072689837847026,1.3462920756384418
0.7814442831108472,-0.08455835602759554,-0.11681227542580896,1.3690435001899408
-0.21783446763117742,-0.5004873478691789,-0.268338981814936,1.024676392260757
-0.33601589597050685,-0.4985762340088842,0.9900884954466649,0.7884595084842108
-0.15706741470769692,-0.376357479517494,0.3377748433749954,0.11119516225593218
-1.0,0.04394539827151234,0.862141807567073,-0.4754573454694062
-0.13390535873467924,0.08775331750110471,-1.0,-2.313672490391192
-1.0,-0.29754868627028297,1.0,5.17219539979479
-0.4558686784982249,0.6193068592084272,-1.0,-2.699061702121716
0.4306753096273841,-0.9760857721494596,0.965105046115847,-6.574338863173249
-0.20721470921972496,-0.4775134494229498,0.14509975130358632,1.4572345448010684
1.0,-0.1744928891916182,0.753299478909361,7.039884170090266
-0.021323281208315503,0.08956911461701345,0.3904603573450418,-0.4745255203234047
-0.11952709257351146,-0.5999274036635489,0.04733890438426025,1.0397764256161943
-0.09270295959368924,-0.2604671292024048,0.2616006211179853,1.1973328790637727
-0.15326458758296813,0.3275422600157336,0.4268496534634887,0.14709638606422878
-0.2011070980934253,-1.0,-0.6295316346426638,-0.8467587304516788
0.13785831697284112,-0.2972404781992708,-1.0,-3.9547548092905043
1.0,-0.9150425955922044,-0.18925619809704286,-3.1175868428283424
-0.27419442878231615,-1.0,-0.8345585510001821,-6.791141290443419
0.9717519871529325,-1.0,0.8502151932284618,-6.645341930315814
1.0,-0.5047370161061315,-0.005066105491052353,3.8048464415108207
-0.5867052714534347,0.7507096094192403,0.7304596980767488,0.9701203763580987
0.8795822173867731,0.26770308020256106,0.11929131427891315,4.044180062593739
-0.39497182029937017,-0.688815957687988,-0.9453567655198942,-4.507826851417636
-0.14696925178832254,0.27985590847957376,-0.945350531413073,-1.542631066662735
-0.08027321080460559,-0.7167635869039584,0.31241415983982623,1.6090946564752795
-0.4474320482631928,0.8571941395622087,-1.0,-3.8546818997382837
0.22473757028868735,0.9643663603596471,0.8030078589184504,8.152517965733324
-1.0,1.0,1.0,17.371162467428857
-0.16058589815840474,-0.8671526916064973,-0.3405863084040588,2.1372740140329514
1.0,0.5820650821542028,1.0,23.98612931664131
0.936321566335639,-0.7940826524263498,-0.4542692073189911,0.5599423214779569
1.0,0.2500637244463042,0.10494920299798194,5.829623480372344
-0.8016877409771779,0.9575247906323507,1.0,14.785055082796779
1.0,1.0,-0.0021314422506117925,14.201616736638915
-1.0,-0.7536949393550401,0.5615207676373768,6.515879860415167
-0.30233238544839636,-1.0,-0.6520914754010128,-2.5389194595363183
0.27146866053003427,-0.7443076397496651,0.8381077641965871,-1.1541638765754167
-0.0686661988658952,0.6993253903981429,-1.0,-3.9821475756368847
0.689207176898041,-1.0,1.0,-6.1818533983740505
-1.0,1.0,-0.07196443868336266,8.885917901102951
0.44378581700496555,-0.6182358483587549,-1.0,-7.337682188615239
-0.5032588831145544,-0.7536553112685993,0.5679264432458684,0.9347318224657308
0.7491890842348328,-0.43659171705441646,-0.41775052471904295,1.4520684863815851
-1.0,-0.22333774395640926,-1.0,7.574734903544773
-0.9158080679581728,0.4861747253311195,-0.674967938984018,0.692188672181042
-0.002144391307474347,0.162162886905999,-0.35440717587291415,1.0107222492890509
-0.13688556041851818,-0.5133121978235322,0.22489411114536995,0.6426949127734751
0.2099307490250062,-1.0,-0.4006993522513016,0.4260535799212728
0.5483738689581552,-0.4753406551857784,0.33246027005490375,0.9997147876071576
-0.11209148885956988,-0.45498334772367577,1.0,-0.5272491036091908
-1.0,-1.0,0.042779818301280415,7.697540257612034
-0.25837752392745017,0.24887330694985876,-0.6105566955805397,-0.3108755540913738
-0.582793657476236,0.41657665411280975,0.9348621648492332,2.0196272896791143
-1.0,0.5204400101104958,-0.5847160670735616,1.740227303926214
0.2072354096973137,1.0,1.0,10.542625186985093
-1.0,0.8103902427837806,0.6278161062178031,-2.274551511044011
0.3112479511703963,0.013063888872035134,-0.18921149792445302,1.5593022511130772
0.21918913231693793,0.5984072401260825,-0.6442938684243706,1.1958561834237027
1.0,0.47734297738670683,-0.3014060844534576,5.170702890178557
-0.7567177341819409,0.4510121446731996,0.5242553394973006,-2.751522379464437
0.6023641456391098,0.4704388082371269,-0.4619582132915174,0.9069384670226851
1.0,1.0,1.0,25.21574573534216
-0.8832831090816737,-0.7804069127377147,-1.0,2.3534366492461114
-1.0,-1.0,0.3582538116256606,10.530225140031744
0.596430892207817,-0.988288594216677,0.16420030289523901,0.18986651399545318
-0.43407847604310223,0.9290062367155243,-0.40215688059818655,2.8503530799236563
0.0530858342987679,-0.6509379204653449,-0.9272853481422512,-4.054129825317299
-0.33464165453040007,1.0,0.33542990575476916,7.343391246906306
0.9012623481293565,-1.0,-0.4895762127756422,-7.740017612189737
-1.0,-1.0,0.5356020929439473,13.071700919704075
0.09619238914692918,-0.5179474075801636,0.16384110880421,0.4673799427700026
-0.35015337854452233,-0.6450970598908592,1.0,-1.338601303373543
-0.3013561948836274,-0.08081051775211279,1.0,0.2426580646474943
-0.5532177654751276,-0.6150154327483979,1.0,0.8879280289984145
-0.9757344994483392,-1.0,0.7904798601833127,15.226767878071325
0.8168817067960961,-1.0,0.5633973900189639,-2.9673382330352
-0.41603487918002635,-1.0,-0.05015573661963302,3.35379955636363
-0.1501871334852296,-1.0,-0.5446224085620126,-1.1814473434374135
-0.6007236728848209,0.029632062449326257,-0.10936389983879824,-1.2399366020507265
-0.19867655635691728,0.8008831523633104,0.15538940814145685,1.3296554198687938
-0.08331641182452132,-1.0,0.42086701532796833,1.2507881297096004
-1.0,1.0,-1.0,21.55016785668552
0.9633208504305288,0.09025440929638395,0.6342746109589841,7.417453516313619
0.6333711687901031,-0.29861086117777247,-0.5664304617516291,1.5567359745901377
-0.37417253570291886,0.1396572105388143,0.19364619964240082,-0.871566199315901
-1.0,-1.0,0.478548693002973,11.382361950120524
-0.1919130218948104,-1.0,-0.2963230050375447,2.5712239695030172
-0.6596207598834909,-1.0,0.45978196335804333,4.246834342560194
0.2552564907607491,0.10951346942842588,-0.5736765347396442,1.1163096665635068
-0.4424057444171223,0.32050983464696103,0.578552113460548,-0.7060692516906013
-0.8885773958108487,-0.18482065276023985,-0.05970937390752873,-1.601870218053516
1.0,0.023078752924737822,-0.6074620371046906,5.642536509024162
-0.45969828703141724,1.0,0.1185541469412894,5.511978895166947
-0.27734973686418485,-0.46897006610970426,-0.5090776005580666,1.0724018000549764
1.0,0.505920796767932,-0.7613451804213431,7.3876337646454875
-0.3190104193182992,-1.0,1.0,-5.3045321361170945
0.9530518835771584,-0.7063260950651515,0.35815132768138147,2.275106408824293
1.0,1.0,-0.1536621849146016,15.139237788870435
1.0,-1.0,-1.0,-29.968404486917184
0.6100524305908559,0.6491186809498131,1.0,6.269216198190622
0.7927771195906583,0.9787451818939337,0.4922342404508684,6.966372295682821
-0.5771221857481998,1.0,-0.02483420908913625,5.92738237024491
-0.25824791325984653,-0.09044211967794613,0.28339745602594824,0.44133960021822954
-0.8936650135841899,0.7748643254466483,0.2792937542867209,-2.7325679317756046
-0.012203442417982657,-1.0,0.6145192718863357,0.4683785310389339
-0.1005451972309217,1.0,1.0,13.16463047207243
1.0,0.7362264508991334,-1.0,17.01448112661405
0.7570568641386075,-0.5107586213886102,-0.30090821139618784,1.0523782013416594
-0.15963945728423368,1.0,0.584651361702341,8.416649717683107
0.6122700399766228,-0.816581161590163,-0.8719087648836064,-5.251374913163781
-0.3256019380818247,1.0,0.27562155585158443,5.8364337475032135
0.46548821244603866,0.7499680916475373,-0.40721299834200564,2.5041702997149127
-1.0,-1.0,-1.0,2.987982625464232
0.27701093655423525,-0.16906186434836323,0.6971393292898673,0.14073330094706618
-0.05139864834563235,-0.2828535915450858,1.0,-0.7312377438445437
-1.0,-0.06658707008065767,-0.8267629639683294,2.7347671945959693
-0.655152211026671,-0.37945842713326083,-0.5875587561334408,1.0444098017156918
1.0,-1.0,-1.0,-29.651056782711322
-0.44319997116062515,-1.0,-0.07582597372338507,3.2309507342783848
0.6161062807340176,-0.11489168578976816,0.7530267401433457,1.7029013461708755
-1.0,-0.004504842139684939,0.25991866244572837,-5.039296237872032
-0.7348795455503536,1.0,1.0,16.614528392862898
1.0,0.6929562568315566,-0.04781651840153689,7.736604752268897
0.7912672637441813,-0.2980928877118554,-0.7995561872875325,2.0143913817598915
0.5670891887022382,-0.39592773399552317,0.4955677340872371,1.020178627166821
0.8836984980316243,0.6762564712582111,-0.8062538082483035,5.238025233899296
-0.09997032836508901,0.4920450988418439,-0.8486849743253935,-1.0080234475568006
-0.7143727023920672,-0.6813485549242941,0.06156809844268074,2.5432647101893995
0.8015191351438371,0.3529377269583158,0.37704884046375486,3.3580480815405584
-1.0,-0.04781445595347611,-0.14514516537348499,-4.195467312993895
-0.9784588717860583,0.28080065837214563,0.4672645605210448,-4.382932670826716
0.31517009517219696,0.8740425926229634,-0.2749577749399119,4.726629833916855
-0.7698359076286698,0.20812495004928033,-0.5397871192904524,-0.4126040195046242
-1.0,-0.5469108812265624,-0.6807966905097806,0.7955456429388565
0.28726950476226576,-1.0,-1.0,-19.498068768604316
0.35929997104231637,-1.0,-0.34032754422415423,0.2394822179679288
-0.2607003363748017,0.4209675108948654,-0.6017924969483053,-0.4334260881238831
1.0,-0.6244756109744221,-1.0,-0.6580423536192921
0.013557788105689417,1.0,-0.5485366737418169,9.853047087685248
0.36041568006617686,1.0,1.0,9.691813657577544
-1.0,-1.0,0.899811053002056,19.767685531675724
0.2266426160867503,-0.07621300229275807,-0.44279532161918644,0.8654385296491782
-1.0,1.0,0.5575486611624163,1.1573096313520532
1.0,-1.0,-1.0,-29.493856537864232
-0.22710013654439765,-1.0,1.0,-4.841535743399665
-0.797219309172273,0.45037797477116803,-1.0,3.466100426773495
0.9107140949851871,-0.18256483254719869,0.4107138457810071,3.160465687668991
1.0,-0.4253081779073251,0.23343248292605212,3.8698202998370523
0.6658365832323208,0.28583361716800804,0.5264349669413051,2.7033868453757672
-0.13257195798195132,0.4897255894374011,0.00160955403633678,-0.04380576034728409
1.0,-1.0,0.6272648096237268,-6.225541906521168
0.5416558755529308,-0.6675452689955239,-0.12930058975701075,1.377683863262565
-0.5804565146676424,0.2751704058380897,-1.0,-0.0654091276344142
-0.35566043148391935,-0.3441096091636211,0.2780362980644193,0.37633063859950744
0.19928298593260907,0.48058226200623433,1.0,3.0767930731602746
-0.3653228088813232,-0.3606297642326399,0.29124412005579425,1.0860779846264252
0.7075729317431116,-0.5413090925836801,0.624779108472908,0.943095466200982
-1.0,-0.02872022162236809,0.8426026383446765,-0.2581942756054692
1.0,-1.0,-0.43327579255246484,-9.767587542844826
-1.0,0.8717475317462213,-0.23847322462755183,4.715720569590622
-1.0,0.6870704087315274,1.0,8.312089078130155
-0.304813804793832,-0.3010630003149799,-0.864895876375416,-0.680642009838821
-0.06383397007640745,-0.18754250009420792,0.15019294393226712,0.5195087238656816
0.06808888143390601,-0.5455409989939783,0.933556977470946,-1.3261424893765075
-0.17108490351831795,-0.012373336822144365,-1.0,-2.2184517420855916
1.0,-0.42511871556445646,0.2761581990160311,4.010680959610249
-1.0,1.0,-0.38987369728139054,12.731793825289895
1.0,-1.0,0.3128922281547124,-6.772205054557489
-1.0,0.0621770102109509,1.0,3.7501657593630666
0.37747551385404,-0.07409644544246574,0.7552742800427987,1.1866503626943685
1.0,-0.4950704155909835,1.0,5.069584601210718
-0.925591304744315,-0.3532046456334992,1.0,5.548191812875654
0.3765049684551729,-1.0,-0.1673837452053617,0.4274274917531167
-0.30800560477670214,0.24866152968219568,0.8020253694108108,0.5183554608292571
0.2939141544639061,-0.7108297317688064,-0.1576567156102835,0.7150788455783604
-0.9431176837225328,0.14234258542112688,-0.8257103951700726,4.305721642023408
0.11543099371447862,1.0,-0.2085448868282802,9.206755260988336
1.0,0.39400404917593534,0.03709908292773623,5.6683027655965095
0.6676243674599633,-0.1206984905018853,0.8538136203819031,1.674998182850793
-0.19106251824139608,-0.6945381693032306,-0.027558228872012425,1.143505842020742
0.038175497055327634,-0.11822695957182217,-0.02650133824214551,0.2968866025561627
-0.3615215326833692,-0.3433340525556834,-0.47172220731610515,0.7025217476120842
-0.09019659436874994,0.9698598247843093,-1.0,1.3346250144402838
0.32050223415597956,-0.3729074515088613,0.5973004646237747,0.7731327869977838
-0.3576392712179335,-1.0,-0.49633646604553583,1.1801698638842117
0.9428852936178105,0.21337008420925718,0.6913164379848213,7.187466091760967
0.2155608326631009,0.07819384881706415,1.0,-0.25342693093703494
0.9515662257795858,-0.7428179932346988,0.6965606096387102,1.125999834240308
0.9474885925459586,-0.22740504285867402,0.6079435846401713,4.919076035316706
0.023591221552120123,0.6086663329287674,0.7987595359968085,1.8718267848542587
-1.0,0.662619602354908,0.8050000882263566,-0.44920191334286985
-0.7386750129598336,0.8049637066427147,1.0,9.584946821341752
-0.872784890842244,-1.0,0.3499076767914304,7.92683321242573
-0.3509135059427493,1.0,-0.35591134788178147,7.937908617741107
0.6841907614112814,0.3671038191276925,-0.03399893041362745,1.0356010681236516
-0.3728352629688778,-0.8016085546421121,-1.0,-7.085494998850815
-0.42205792945642506,0.458967665716826,-0.45442894911536125,-0.05314848141355466
-0.1811163640203679,0.20472942099260827,1.0,1.043279134986877
0.06008013739458029,0.7441555892803133,-0.0373539462322201,1.6223533182579302
-1.0,1.0,-0.4950598015815284,13.104008327420496
0.10292152819673483,0.7284915535098182,-0.041320962737439126,1.2567923058214925
-0.22631883763884475,-0.7150192093288792,0.7419590260651432,0.26776078683161164
-0.23953367450016172,-0.8799865266275977,0.6029460618380533,0.5802506717074687
-0.8904846958883388,-0.1016739376757434,-0.4053048452305805,-0.9221981369054528
0.32857650843412345,0.5886838175140634,0.6855236013939079,1.9094516076885122
-0.0016054859036147562,1.0,-0.8665524795425306,7.959453301727924
-0.24909552454691308,-0.2233747416153926,0.45286190104528523,0.36119620245629436
-0.44845753103446584,-0.8894814110506,1.0,-1.5119186335900476
0.17172124648982923,-0.24871543773579097,0.2050239482774403,0.2918814267776756
0.718319058535241,-0.3642211056436828,-1.0,-3.652123680602461
-0.19015809191714972,-0.2928354179369119,0.8683010368173985,-0.2230421033808851
0.28909181312839793,-0.05514257884561857,-1.0,-2.9606302551356727
-1.0,0.20249580546587675,-0.15415887473941203,-4.230304577804375
0.30070061295802475,0.5140760912000193,0.5010480436664537,0.8098200276170449
-1.0,0.5938071507956184,0.4114189141398725,-4.30193411016275
-1.0,-1.0,1.0,22.022112952547037
-0.393354441771671,-1.0,0.4686739148529011,2.8237951340990675
-0.4232648583356926,0.3640489947795833,-0.24823536018232883,-1.5489034079265869
0.2902806007162706,-1.0,0.8781451077928835,-3.4563924307949327
0.3645349169850274,-0.7828875558343193,-0.11169168257751783,1.402246677752106
-0.4806764376996817,-0.001496594323752376,0.3879322922742907,-0.8324855681743206
0.13837703072427532,0.05197863851951845,0.9346628011768516,0.027521137199325002
-0.010575929353945801,-1.0,-1.0,-16.67254922558993
-0.05073372672707466,-1.0,0.031945893589854224,2.0138403219010534
0.5507373114287797,0.13235354511206787,-0.7839254602147094,1.1143064684253445
0.1271434628500847,0.44297541882107705,0.8318743685798462,1.6583228415224738
-0.6287182582922399,1.0,-0.4022984568005401,4.676424269397556
0.17949220097983498,0.15810552583383775,-0.24798803569297956,0.9709783156925844
-0.22491063917044318,-0.39719532262862,0.07631712212301478,-0.049744148566916224
-0.31198694073316013,0.06109717035636786,0.22532718158818188,-0.4927431574180947
-0.146108986967608,-1.0,0.030694215775135536,2.264662315456921
0.7962267211572551,-1.0,1.0,-7.420727578360501
-1.0,-0.24610919103765294,0.34682993304021914,-3.690676983996645
0.616590949198617,-0.22720354416481836,1.0,-1.712098883021345
-1.0,0.8758493290642768,-0.555759538414524,7.844498045072213
-1.0,-0.37575526576249163,-0.8366034077803277,1.5139785183054957
0.10229109094797195,0.4018381775863733,0.007403516035831892,0.3940864224127445
-0.33937544169944944,0.8807224056913885,-1.0,-2.5316479220342654
0.9475837913688525,1.0,-0.9531151653361931,28.73360029557211
-1.0,-0.3242492167135824,-0.8068665973791798,1.6557553409833874
-0.3038601517490622,1.0,-1.0,1.739983927823034
1.0,-0.28964156414803055,0.9031079808197846,7.224387377332704
0.04374054860381649,-0.7270831249553167,0.749990817087663,-0.018546758164355137
-0.649182927630336,0.5093002721219111,0.8960385387077505,1.3925185051240332
-0.27090788673596866,0.820875501566684,0.3603490420419684,2.0987742510760237
-0.4663619339904108,-0.9898192173636149,-0.3233469942844551,2.6650724812237856
0.6602952970519127,-0.5114475861603773,-1.0,-6.868780068602621
-1.0,0.901725299109694,0.3477258287186906,0.5233531853147076
0.3217258912606382,-0.8116156045621925,0.07250536646441263,2.2339945096396203
-1.0,1.0,-0.4575959096650344,11.294277878664868
0.557375730477726,0.17785868022456097,0.893128047993772,1.2226207698792457
-1.0,-0.4873750580564058,-0.17581675757895865,-1.4599251148192371
-1.0,-1.0,0.9364287594855065,20.771209469560482
-0.5020657075805735,1.0,-0.8369099144527958,3.3417992562751904
-0.0512016019154089,-0.6532095916622163,-0.12217172403357579,1.3246197615047395
0.9814460441592476,1.0,1.0,25.190541519014317
-1.0,-0.8492147771692917,0.4883443492729749,7.933017631554217
-0.18679678954401013,-0.015521656672806694,0.8046045664761485,-0.08650445640059347
-0.20566237687668765,-0.21345967099767393,1.0,0.08421628581366811
-0.7116591966854384,1.0,1.0,15.711967927442306
1.0,-0.7198796872377087,0.38564072591164433,1.3591978579270072
0.04229972066928522,0.10832479951642737,0.7837487004443335,0.30955051489404506
-0.5615162124135631,0.7837319619035252,0.0021091241955573103,-0.3425763759992541
0.2629837877493746,-0.5436831230744297,0.5968095745713513,0.42810553136477775
0.6348616689618252,0.761059606105593,0.8976323079190491,6.608758817036506
-1.0,0.3265979906638723,-0.22657588324122546,-2.709871541058648
0.28050007786722286,0.741553980069976,-1.0,-2.966616885491188
0.06738992875734828,-0.3584337475025714,-0.9447887259308227,-3.130913966587808
0.6541592526787576,0.583473372454594,-0.41807096155383183,1.2252617263794705
1.0,0.4089405100552437,0.5790587171520456,9.874670131056147
0.2796032082412092,-0.4379950425319312,0.09519364773556616,0.8871128138491166
-0.6836492854941951,1.0,1.0,15.989065288898017
1.0,-0.7009515249419813,0.6659096480035356,3.247208068712807
0.8502461827403891,-1.0,-0.21230231341337613,-5.817692996341537
-0.8230426365919818,0.8072611218247645,0.21469424379019642,-1.4478560930321145
-0.9590874906822411,0.5634348362003467,-0.9162592437696526,9.315686914415007
0.16925746726921287,0.19305584276526,-1.0,-2.867119396966972
1.0,-0.7977639774206844,-0.9480553228710193,-3.824033800829769
-1.0,-0.33132573245158436,0.3482306785574769,-1.8901197176838922
1.0,0.24379272694361576,-0.6486922689497334,5.661122693364945
0.7748926021117795,-1.0,0.0953657403843935,-2.7910376236689016
-0.3275170295440606,1.0,0.10447326644173627,6.574869189113149
-0.12276086858535451,0.1939481782014425,0.16796332154565263,0.22450364964361597
1.0,-1.0,1.0,-8.282642140604011
-0.6256498569582045,0.10513428876209208,-0.5433065955954341,-0.18241136126689322
0.9366164252926596,-0.22110748261545154,0.6208840245215017,5.901954095142758
-0.38421067761151173,-0.09609325383915146,-0.009155106080829256,0.014546322349824163
-0.06526070605142498,0.8192622691646083,-0.8606010356492051,0.08338147067716167
0.01787482135263696,-0.07967018380246249,1.0,0.31744156178862426
-1.0,-0.27018115499009143,-1.0,7.774233747873297
1.0,-0.6645382762847287,0.26324761447256595,2.182997957519179
-1.0,-1.0,0.3594581148474829,11.007904355234034
-0.2893327093942042,0.4174680546480076,0.907240168698404,1.8769658479819369
0.2302605991581561,0.10548227156320045,-0.2010451045291195,0.522137943107884
1.0,1.0,0.7624022020352612,18.078422217981423
0.3006452469781158,0.048843977671722216,-0.9250646311280208,-0.7949244541235494
-0.33630764451585105,0.5072623896415389,-0.46798055640220615,-0.724932852081698
0.20719782179629753,0.6160897252987816,0.4087469264201429,1.7752236370163303
-1.0,-1.0,1.0,21.22889556375405
-0.2406289645582087,-1.0,-0.5620183510904679,-0.8229897288282602
0.6817041148935974,-1.0,0.6903236422266898,-2.5191508405679084
0.9847319515724615,1.0,-0.20134103409201143,15.2359072787706
0.0764805465396241,-0.37228281156990084,-1.0,-5.664243588499094
-1.0,-0.37330425569716685,0.5057554078691873,-1.531566605046155
0.12968144702656992,0.3557478277053452,-1.0,-3.190724315053385
1.0,0.49486578952912974,-1.0,12.31978941675838
-0.6044915826200974,0.6316950420529601,1.0,6.429548798872302
-0.9712677676275614,0.8951881074072348,0.270216116087755,0.5590589878487358
-0.05270123941586946,-0.6657501179852745,-1.0,-6.712284311950652
-1.0,0.800560060821532,0.8566491321965657,1.469344563332268
1.0,-0.6152881377464883,0.23300352646187616,3.2182425060826123
1.0,1.0,-0.9567187395897692,38.36842298324383
-1.0,-1.0,-1.0,2.975101499422067
0.2659121341948967,0.22839032075876764,0.9968637192714391,0.6576950778868659
0.2345866205164755,0.3575292297148034,1.0,2.092583233560876
0.03891026298876832,0.40387424745771283,-0.9231730332390449,-1.6007935861759603
0.3273310151169835,-0.07948845964613427,1.0,-1.1390950268572302
0.07358020231978935,-0.423810422380994,-0.013111683478629788,1.0915277043315583
-1.0,0.23657529596021387,-0.2684376536595754,-3.857002990275075
-0.2228203207838071,0.03597456764613205,-0.6677392696803717,0.10897663085360063
1.0,-0.3344906151130729,-0.7653809434680401,7.362069798467249
-0.5464896091615636,0.2072270814769428,-0.5234013650964289,-0.9941984294137247
1.0,0.45221726634625736,0.10975819578586044,6.10223259120976
-0.36506748546619483,1.0,-0.8048580479304805,5.416548928440092
0.37680818614811695,-0.3142485786065119,0.27209379915717125,1.4807706940487348
-0.3475794050724077,-0.7106853834354441,-1.0,-6.470263564238021
1.0,-0.18984264413884788,-0.24903630834564705,4.150544691444589
-0.3844507863627047,-0.4135471496854879,-0.44704670968658466,0.49961542548556254
-0.5158570670476161,-1.0,-0.6661078291115652,-1.4921189469734317
-0.9897124299899229,-0.04972808391769101,-1.0,10.364629727937423
-0.44036332232152686,-0.07209435479850135,-0.43713731106706355,0.5404855286553027
-1.0,-0.24875375079813922,0.37569627473666056,-2.653860476753807
-0.42554775490311436,-0.94683633051083,0.6051129223076754,2.37939589243275
0.5411859733045079,-1.0,-0.07053716606218186,-0.04867044605735371
0.5098508731245084,-0.3302685079933334,0.2589416922319552,1.8171141665088444
0.5596329605865504,-0.7557994943227888,0.04107378988438293,0.6500570868480894
0.6124598933393532,-1.0,0.7716599787645257,-2.024973294583897
0.18616479764049787,0.9791710303459467,0.7164468441747263,7.582715082307407
-1.0,0.1602141485069306,0.13568110067830097,-5.169487475845544
0.4746596562697871,-0.0078012682671873,-0.3968057866940564,1.7539434520195512
0.01009706558273038,-1.0,1.0,-7.040325258817796
-1.0,1.0,-1.0,21.29035503671238
-0.26340542679823065,-0.7258714121861798,-0.5053834790011569,1.079802645219908
1.0,0.740116120462952,0.18810529325755687,9.784262034864375
0.24675708617655334,1.0,-1.0,5.193807084344497
-0.6987919240114708,1.0,-0.36988142612633723,4.559481764143556
-0.8349263609311561,0.9453629221343038,-0.6712668941234146,2.313966570031738
0.4004252627704752,-1.0,-0.21169751296499162,0.9638011009023225
-1.0,0.39919121959605963,1.0,3.058903595130305
0.9567568992415239,-0.8940625652123966,0.09761672965034895,-1.8152709186918614
0.1584771016483828,-0.6617171869182663,-0.3402629919539826,0.8770007560622893
-0.5704182744947133,-0.46296897227860967,-0.07157418794514303,0.788055122643385
0.9666075331804069,-0.19246941793281747,-0.3487472067006585,3.7000749688611854
-0.14791090486391578,1.0,-0.4566810233539438,7.7847443965734495
0.6955165730885164,0.2011036964126116,1.0,3.165728442046676
0.35854820793935005,-0.8502069865857946,-0.5803511137982078,0.21028843595851235
-0.19308748878997295,1.0,1.0,14.944791508652402
-0.4954351539243673,1.0,-1.0,0.24335834526378264
0.7034415362584121,-0.04956110463444463,0.751137415859549,1.8754205668094357
1.0,0.8330769638154631,-0.500297551533452,9.614930414276328
-0.3244830922495372,1.0,-0.30100542340000347,7.574752349673203
0.34430137653730597,0.9937646343938964,0.31018451131788205,6.440302224652269
-0.6846253675847864,-0.5439037320572984,-0.32700549768137277,1.3345443921898597
-0.8640802946292054,-1.0,-0.8469622429019374,1.4688909603805853
-0.16893471598073506,-1.0,-0.3659548323062243,1.7676687547912882
1.0,1.0,0.0620634515939289,14.223070737286212
0.23313259566988953,-0.272036886640701,0.6760342923384022,0.45939335640142787
1.0,0.5279840933415918,0.4744037343930603,9.097847225873979
0.02288937686633008,1.0,-0.5821384383932915,9.966621285020562
0.34490089151826275,0.9308235410357935,1.0,8.528342761301252
1.0,-0.8446836146600738,0.08291711792084056,-0.51471323094142
0.19133341078800803,-0.18270547948598193,0.18878943304280482,0.6647829745340188
-0.17748831277050314,0.4083170352566998,0.2373016548990159,0.18483628146496892
0.3490457003640688,-0.9397870742342682,-1.0,-16.271328678029217
0.8045021732066693,-0.2547439805650433,-0.08709529002921412,1.738768931234221
0.02006176311566743,0.657406671439291,-0.7062967814754015,0.34449458673548283
-0.9668056748625431,-1.0,0.16555833016956178,8.653267643826007
0.0009945147044461145,1.0,0.1471452289482269,7.052758374769579
-1.0,-0.5879413362362607,-0.18333584558822325,-0.36154321553382013
0.5699696825087981,-0.3859188364795971,0.4299891733790606,2.4333301051525336
0.32544371807111583,0.006188230669168515,-0.6025502717679294,2.002778335414151
1.0,-0.4859493835949129,-0.6895051780198085,4.735041972652983
-1.0,0.9055322312909937,1.0,14.104046610675413
-0.11452778131904551,-0.8776630981617588,0.5799489483190676,0.5041830090644037
0.18619596153226903,0.12933648006787313,0.9955658734081307,0.4730567314038906
-0.8319288825902675,0.04318134266822837,0.3798958249565565,-2.043288765098876
0.6859022880803987,1.0,-0.24306518009097466,10.053772110486753
-0.9659223744795362,0.9783138887363692,1.0,15.457048989010353
1.0,-0.9888709264506041,-0.1794307068565173,-7.499474836449056
0.17222814167941025,-0.73373746256153,-1.0,-9.658506549705207
1.0,0.27946499940545855,-0.2949057918105502,4.766328937476258
0.683573976342938,1.0,0.5515065293492862,7.614305559448676
0.31434113148558707,0.4534108107513388,1.0,2.7066307864163353
-0.24641626389206572,-1.0,-0.47508750869621674,0.475351683206511
-0.21115417002810966,1.0,0.3785239772142013,7.414330587020918
0.8911337255638994,-0.28762532838103905,0.3122949161045616,3.60299094181649
-0.43251674026896114,-0.47704292609218,0.8479307921939105,0.871667363297453
-0.30673238181982176,0.989370660922968,-0.1293059277907076,6.684369298813062
0.7197118567790961,-0.3379210630681957,-0.5693475483523629,1.2976329632365302
-0.8963036336449148,-1.0,-0.9635488945186139,0.07720966865558912
0.13097887373929318,0.7385667863533563,1.0,7.023275360912594
1.0,0.6679436334941193,-0.1057099194488198,6.782232950758035
-1.0,0.09601513388466532,0.004339210634694002,-4.962668052162359
-0.5357974496128755,-0.09235018035119169,1.0,1.5809697616429101
0.5196992536595615,0.39407481885858986,-0.5471676693834022,1.5208781294662983
0.2602731179155078,0.4015054167537484,0.43515420845838726,0.4597135689832526
-0.07579964822482577,0.30873455121402915,0.09000296480478931,-0.5069156264229592
-1.0,-0.6973580980784775,1.0,12.669688675222755
-0.1387849989438592,-0.5996912204715927,0.2881123753306687,0.9449893289592882
0.7216974285279498,-0.2585077201315793,-0.7451647699022566,1.722896121449773
-0.5504017227884921,-1.0,0.4629140916209069,4.116736400040409
0.1271173227062865,0.24525644098046917,1.0,1.2163400124391233
0.482037392572783,0.504412632570084,0.4796551091905443,1.5783714617598328
-1.0,1.0,-0.7163264859657228,13.394204700089821
-0.817328370978289,-0.5681024485288328,-0.9885765529473431,2.3461714184956173
0.4183358446874301,0.9973609583280294,-1.0,6.317549741544231
-0.011014105100595417,1.0,0.11339693677213014,8.1566797302269
0.12431501332368144,0.4307937062502625,1.0,2.9884101091401574
-1.0,-0.08941237527731594,-0.5779879441223963,-1.9498410137388715
-0.9188923170394458,-1.0,-0.17684109962851569,6.064872185694332
1.0,1.0,0.7465645064003514,18.255400462056002
-1.0,-0.08217907194853247,-1.0,10.122671696891418
-0.6663958519959958,-0.9794523012322944,-0.8676532027164705,-3.3326239201152883
0.7145668823065559,-0.44763679270110024,0.2000798740387053,0.9096003654745366
-0.17483368495562757,0.3084216153429853,0.7017697924137196,-0.1973758312869634
-0.8069278940587485,0.135081338622985,-0.053747781553934226,-1.9637568288374005
1.0,-0.987082488539927,-0.24499764362504428,-8.223675999623136
0.04398631319486035,1.0,-1.0,3.7115194090408563
-0.4395898557958662,0.18815446322376017,-0.5838755907712512,0.1309918276289317
0.26946738583306296,0.9941585192127851,0.9342444771847445,10.616587107403646
0.0718762355165028,-0.671409321561034,-0.6866469144193452,0.2984195543886392
-1.0,0.5469194362305316,-0.12429359105837445,-2.3029121707748623
-1.0,-1.0,-0.45193666554496836,5.40028455022551
0.20637651739377416,-0.6699985438338112,0.63674930401819,0.2306049765813212
-0.6937095888080027,-1.0,-0.8803183486225405,-3.8914476769929256
-0.6617986963048768,-0.39176484677009293,1.0,1.691022437476001
-0.7358431250449735,-1.0,0.29910559706043793,5.9911049658536415
0.6722014297281305,1.0,-1.0,10.436185325099954
0.09497569383115168,1.0,0.4501391404964816,6.86184382819746
-1.0,-0.3307990290086611,-1.0,7.67766430713168
-0.17725460876828003,0.5891172033398684,-0.01786707932515541,-0.181803387738457
1.0,0.07996753390549616,0.1529155517328291,4.481941379011187
-0.4787985064753866,-0.40421597176170043,-0.054246178357921115,0.1574098360601932
-0.281471647036198,0.932921343099784,-0.9750533983984364,-0.7590689288332665
-0.20261367141813724,-0.735297236549334,0.33153906029357305,0.6742648246112652
-0.06147145989561653,-0.18089067244756207,0.21486043476006356,0.5198373637499394
-1.0,-0.468213097775769,-0.4311710975133425,-1.4072564885702052
1.0,0.20330519926800528,-1.0,10.106172102354327
0.32251518315458494,1.0,-1.0,5.792157617022816
1.0,1.0,0.9111114642727736,21.900288438547996
-0.13207128248327837,-0.0855805422991478,0.27426936329261387,0.4814919844250476
-0.13192122531940687,1.0,0.36827763430812777,6.896946409023615
-1.0,0.5724359233625131,-1.0,18.21732490718442
0.32671757243595523,0.5979778073909299,-1.0,-2.196738050006803
0.6935207150563742,-0.16180909742964777,-0.10803043252223432,1.8847898899413331
0.3112779481825749,-0.8704289862817167,0.824874503208874,-2.3659009766629246
-0.5564755404086457,-0.5335581855258289,-1.0,-2.3825407045401557
0.8764962055745575,-0.3454305142223848,1.0,2.1944864163591453
-1.0,-0.8681236374480592,1.0,18.853441476198793
0.18452210455379592,0.05004801569834627,-0.5851570584384389,1.503485022724787
0.23614716718781392,0.8556964773600961,-0.11788059668861317,3.8034392928574543
-0.9705810252554836,-0.2535691755623568,0.7364475020581756,-0.3244006251717441
0.3453160154989763,-0.38677527221569985,0.48493065739446695,1.5127808621191312
1.0,1.0,0.6233120783225128,14.911215234091028
-0.041994545640667846,1.0,0.40491882748427654,8.253884952726873
0.8024042461382896,-0.2387303412706907,-0.5896922565862288,1.6758357037104614
-1.0,0.3778830928045611,1.0,3.530003970927355
-0.4824887495173058,1.0,-1.0,0.9510610125368637
0.019854672845554866,0.13848924035569365,0.7089202521798965,0.5976932728828427
-0.7316600561493127,0.4138894585964432,1.0,3.7893318677263697
0.04639979160858898,-0.10191148047455934,-1.0,-3.0607614509015812
-0.32037834777027796,1.0,-0.848662019366621,5.1052005634849715
-0.0644085246782764,1.0,0.421885644685706,7.394775179752069
1.0,-0.06360125640757075,-0.8595340219553356,8.531196005471305
1.0,-1.0,0.8365056846478065,-5.884914287194859
0.7157863978666206,-0.0418658498950053,1.0,1.3273739896436425
0.012718379212310893,0.022263731504174045,0.7573737047605662,0.18402086198085346
0.8322124116850671,0.3207255806931466,-0.5582677329982748,2.7834452220332135
0.5309868482464335,-1.0,0.13281423637319123,-0.3102579753637226
-0.20124673322857323,1.0,0.6727601722131413,7.81051303391919
0.38200003847044806,0.36604249293938995,-0.23058757660097995,0.4963499238072103
0.06587284012795869,-1.0,-0.7932464750113435,-6.999736079067084
0.24341013656178223,-0.20248041012573026,0.7288378423439745,0.6831124876035795
0.12897066349280917,-0.6801873330507873,0.8930335917165939,-1.5775169935050535
0.5041818840728545,0.24943467570453604,0.06898834533234166,1.5950119941497385
0.16104963923916693,-0.3004071050590893,-0.1298741340379539,1.6715336273587287
0.04074953209222776,1.0,0.9182754552210382,10.82647850463026
-0.7450027501811207,-0.520372940200376,0.5108961050069218,1.916934556078353
1.0,-0.85396396231796,-0.7847151716280965,-2.469788555531971
-0.15586697831635243,0.5738081746668569,0.30643107998263064,0.6458030520775715
1.0,1.0,0.5620821101896158,14.754558166023424
0.6587935986384212,-0.43813803054270584,-0.7225315846338605,0.5089298068811144
0.6531207275685142,0.3564325968898501,0.5077501705284904,2.7951976202723254
0.40983916994728364,0.26553131688366993,-0.9124421962371951,-1.3442683417298387
-0.5998582389669436,1.0,-0.5293902117500855,3.994099717349234
-0.20766682392418012,0.37892187780352393,-0.4023777681399323,-0.30146233140284195
-0.10016922738236222,-0.4801895090688111,-0.10998531553566981,1.1000846971306049
-0.5392776063420572,1.0,-1.0,0.008947748753367624
-0.13886752807910674,-0.4956736172317193,-0.652871854594937,0.6175851319517622
-0.15454094363006066,-0.04057573805388248,0.5089361766331191,-0.3518951599096654
0.5801047723204233,1.0,0.15096606692660686,7.656248336115764
0.579535000528494,0.2594828696858511,-1.0,-2.1659473734986494
1.0,-0.16107170824463113,-0.8294458392119295,7.161591497621588
-0.4976801278762273,0.5684414738394634,-0.679567937742277,-1.7993157267614406
0.15452574620844417,0.30240693784405126,0.577797905039954,0.646315809611534
-1.0,0.1065135655254541,0.3872105764515943,-4.714763342993276
0.09088739693112546,0.1650228495244057,0.42337176552845834,0.9171247559666951
-0.4999801187519788,0.008103601042721342,-0.140972988157682,-0.08989259346748463
-0.6872570294099039,0.8414299661644007,-0.579936079392189,-0.8321684609248068
-0.3833932286295112,-0.18341334513928675,0.6558598012548587,1.226520575956797
0.7882797259154855,-0.0849454236042082,-0.1504400218672839,1.407669238141637
-0.5062169658275313,-0.8262847227440875,-0.9271612067081525,-3.4837795080877907
-0.49808486332343826,-0.011455650542823381,-0.04564312634946566,-0.6076651307298703
0.3490116977848994,0.47139873253265696,0.10810075912376971,1.4008380868675725
0.1491388641207334,1.0,1.0,11.117744491690965
0.3934651104638933,0.587310425379179,-0.2048417507200322,1.522083831812476
-0.5996733758571904,-0.748742933450421,0.39660042898444314,2.1467036748264543
1.0,0.32690252832290323,0.23591616696931195,6.525696008136233
0.1329059820176619,-1.0,0.0655495594976605,1.8741711319549412
0.5729618457764134,0.04053540919040444,-0.26511309594717813,2.1360533503647123
1.0,1.0,-0.02394854175741945,14.31161845616146
-0.9889228509281807,-1.0,-0.8201854228504815,3.284552682095387
0.6693421143878677,-0.8358797986242261,-0.9691275039317249,-9.725128675405054
-0.24949288087215393,-0.1377725219728465,0.5815396340612766,-0.7032405914145663
-0.014957015605428614,-0.7245234669827203,-0.33368123201403455,2.4658939646024134
0.5149015998452413,1.0,1.0,9.8996936750207
0.9233907344738428,-0.08229629629091573,-1.0,3.6762117831963987
0.6264381723675589,0.5544235910272033,0.6538625960149314,2.8898172948612384
0.11034874397603112,-0.9581044299218602,-0.13782562744412208,1.8012560574694032
0.8238679450290887,-0.5159438572957904,1.0,-1.362526474752244
0.8915826880490956,0.6002991322009277,0.34384681642899895,5.07350132813093
0.25616850819981773,0.23748785931874727,-0.011419532597791271,0.6878603375984571
-1.0,0.05963721538628808,-0.40508670574361005,-2.4085262808644097
1.0,-1.0,0.3753788128192055,-7.0153550645475615
1.0,-0.7397336887767618,-0.8587022344532351,2.16238003663896
1.0,-0.0180375427663646,0.310235157387146,5.531644289301895
-1.0,0.38177067888059235,-1.0,16.099084028966626
0.6465735666823211,0.5598869929823718,0.439619864079585,2.0853218171262973
-1.0,-0.30733380039016067,1.0,5.604873176043986
0.45019072694146556,-0.5536389650011013,0.061945986549083454,1.6464296856228904
-0.3528237158988694,0.40307695913270924,-1.0,-2.29653635441423
0.855272158017653,-0.44845371473897266,0.025343180775006413,1.8784972656109793
-0.742411340237531,-0.3360104768506784,-0.3585678947801203,0.7800596684239818
0.3169526201698267,0.17799840844096648,0.7842477183781686,0.5031977582850246
0.9599258670086306,-0.7396013770840622,-0.32515594385453017,1.6283319844896411
-1.0,0.5432021550466299,-0.028797194702097517,-3.0347139877740803
-0.029750215320579754,0.6921463123932785,0.8857593223042131,3.5291612048233882
-1.0,0.2510326955615201,0.05162204072520171,-4.348781007741723
0.6746657654875556,-1.0,0.09420534596444585,-2.592172773674016
0.0015834858692105325,-0.932111734169929,-0.755962432300453,-3.606113432580275
1.0,-0.3634311664409082,-0.18211787511747923,3.6848749382428663
0.2034029882510262,-1.0,0.6824526950177054,-1.4509820466731767
0.694309481640436,0.43248962663202106,0.7834273782461398,2.563440521380167
-0.7590190632431524,0.7075786449711061,0.7146454963106066,-0.6695178109758321
0.5563142662119451,-0.5967944208014915,0.159395824713916,0.7430481938382008
-1.0,-0.6040196794350903,-1.0,5.4524822163356745
1.0,-0.578435125561541,-1.0,0.4379185367063196
0.06938685733109318,-1.0,0.8647148009355625,-3.328828969129301
-0.2800390846043317,-1.0,-0.5033264463487381,0.5339973712326678
-0.5168234450941374,-0.010354100556828394,-0.7469653793835851,0.6850450898326469
0.32708104207095845,-0.6912851770657078,-0.43958427782891585,1.9026106747821827
0.07290165041287122,-1.0,0.9366878173578164,-5.512069796032167
0.05762484989471961,-0.12730617460629312,1.0,-0.7341514679657604
0.11201725891111636,0.3982633411594829,-0.5588361777224813,0.987965166215862
-1.0,-0.05757480543861804,-0.1445471157698739,-4.041704216931658
0.05801325301447302,-0.681748391000355,0.7089517596417692,-1.170686444197587
0.7241497269946751,1.0,-0.9499592735205764,14.205652775751155
1.0,1.0,0.3529476443710855,13.742264281879482
-0.09727706521092183,0.9152460891824192,0.718528063435272,5.644695236233096
0.826204189195435,-0.7289563687466407,-0.037541915577639084,0.9196092910499207
-1.0,-0.4839435667618308,-0.09034185537577621,-1.0716463189661205
-0.2267388844631244,-0.37003767201380544,0.8407058068878135,-0.27965004654750675
-0.4386400807517159,0.0613146523734065,0.1387971534201906,-0.8353542521651103
1.0,0.9941911786949751,0.38729655784453776,12.77616094756906
0.1373696359719303,-1.0,-1.0,-18.415754952928825
-0.34116597929427805,-1.0,1.0,-4.979682288372112
-0.22741818738784025,1.0,0.4375939514492442,7.64877964264917
0.2146783849352274,0.317428234400708,0.2863364095856096,0.9073243734681551
0.23185309977237778,-0.48166720045020806,-0.6915510171979551,0.13471711369293615
0.6142601852234331,-0.16853843602116925,-0.9416663330193329,-0.3506770491242769
-0.0063920728503426005,-0.6997498732196208,-0.23446325970758686,0.9746130136433169
0.14695785186014843,0.6073030725404787,-0.8830899120666844,-1.3599298560736293
-0.537969042413637,-0.7309008813477365,0.9477012910895424,1.1682199451385422
0.6451894008627608,-0.7172475061407579,-0.2505997524132664,1.612495646342992
-0.4496636251415356,0.09812181578755497,1.0,1.547140632581006
-0.9198342524600596,1.0,-1.0,12.383349874639533
-0.4738820942463511,1.0,-0.035484067905191985,5.99494825719381
0.3571692933775099,-0.9902760185985378,-0.38142066324858837,0.07109950588594646
-0.9324691793863145,1.0,-0.6441819197405825,7.807843273256671
1.0,-0.2592141181722589,1.0,8.493579773238821
0.9222679215791265,0.638729632760771,-0.6540966072392489,4.209407191011417
-0.5331624059495907,-0.011083695784031233,0.8097881742282622,-0.13966340159909024
-0.06582799345786938,1.0,-0.9750577380863532,4.9364180812725085
-0.3517113239231662,0.44632967010195057,0.9351767386533338,2.9178901455998774
-0.2262070656521029,0.5509409863657011,-0.34015390457329064,-0.27365788795877105
-0.6536978992723459,-0.052848510126483506,-0.2877450250715037,-0.7859757306842455
-0.9293556244873891,0.7853859756381072,0.4507231115693604,-2.481696191082146
-0.40436864425973207,0.8206948524654081,-0.6256071671672847,0.04879718976124214
-1.0,0.7316264801939394,-1.0,20.20297432865783
0.21380031022147872,0.4387216872741835,1.0,2.108006627079704
-0.20574315156580703,0.18739677043119451,-1.0,-2.199228692111202
-0.07102964562718905,-1.0,0.46705493438906154,1.4671039677370312
0.0098671798639125,-0.3099580058216076,0.08121084553889024,0.9043797527566428
-0.6595917731793115,-0.21932714615242732,0.8204744171532539,0.8944937288616059
-0.5924897903675168,0.07066468697165829,-0.5685527567737101,-0.24350654892889517
-0.5632687812643595,-0.3557214367648598,-0.19295256629776203,0.4311631863764086
-0.3268910888672645,0.14155816271311594,-0.9558150644704813,-2.429541502401319
-0.034370561770361796,-1.0,-1.0,-16.458646735033458
0.8574699976664248,-0.3597308725833328,-0.039168320386620215,2.3160704693678804
-0.6981761632700252,0.5801733506776785,1.0,5.302082265453957
0.913620431199861,-0.00015301693537761452,0.3004398748853909,4.373055972802898
1.0,0.08610233275096535,-1.0,9.736136968157162
-0.1740931997876891,0.5440592254028074,0.4050330892316423,0.4901008930445785
0.029071131961937446,0.12200273993045418,0.17861515008315942,0.9278739174528006
0.5127624753876241,-0.6724488341693946,-1.0,-9.284608997211297
-1.0,1.0,-1.0,21.615241219029848
-0.8755428698808232,0.09865112564712408,-0.09798725041847911,-2.4852086324929883
0.122920834464882,0.38776469135457314,-0.7823517991221043,0.07950139366540088
0.02360711822880157,0.6835653309755458,-0.22187408872066272,0.4614364899683075
0.17748361448781425,0.34962241199976485,0.8470653759817999,0.6712479754844428
1.0,-1.0,-0.708260204735303,-15.181496467534577
-0.8530817198248128,-0.28953062354579173,-0.4210049511238052,0.4450321650455416
1.0,0.36316970914094315,0.6598827656489294,10.987654504484295
-1.0,-1.0,-1.0,3.0703611566031763
0.20779683366291013,1.0,0.30136645143776875,7.072860768825521
-1.0,0.35882486740724007,0.3822190931037248,-4.17749517400347
1.0,-0.6637734243227507,-0.2697871923290889,2.735768581893468
-0.9688815717959447,-0.08091318485669974,-0.548604040042814,-0.5932411652860891
0.7805216410997129,-1.0,-1.0,-27.465141493199962
0.8424537468810087,-1.0,0.4246939589659391,-3.390873815324986
-1.0,-0.3839955616241,-1.0,5.883328605139717
-1.0,1.0,-0.14376657925369085,10.400938358994342
-0.19793632147618911,1.0,0.14642212711661862,6.932546475059289
0.5404182012807581,-1.0,-0.40006273639451573,-1.9443057493486828
0.521259992013297,-0.1945832593917438,-0.7545369159368918,1.7102495083658351
0.43753714879017114,1.0,-0.641649886272724,11.998573039713667
-0.5634765360416549,0.3604545120043512,0.6825633280416501,-0.36166694652158193
0.8752472595859224,-0.3172860538005162,0.21694862171898688,3.0826819056063655
1.0,-0.13120757082521806,-0.2738910718500216,3.0965597155420026
-0.22612651240756776,0.9606751127882232,0.2985754615343805,5.278287005511992
0.46347466631273737,0.2179370801559135,0.11265680587191262,1.0899549857278152
0.6224219644630538,-1.0,0.02166153937700943,-0.5319522727110338
0.4108810864000796,-0.35455554126800237,-0.22034969372551783,1.2361017436615271
0.34835320520742585,-0.14875761701730061,0.19080748680698423,0.6859827551157762
0.5585810589971698,1.0,-0.45471869102379414,10.486454270044865
-0.5310699089659481,1.0,-0.4734970378168357,5.409951973199386
0.9095059689577725,-1.0,-1.0,-28.18410840158326
-1.0,0.6809987308420007,0.9146161595740547,2.783908077734086
-1.0,0.050093241358783125,0.7193525465730366,-2.6917565327853223
0.2592649344842637,0.6866727342762449,0.35190802123923515,1.509788798011374
0.9322333559445146,-0.7438702043727601,0.7571507783741958,2.2903737149971226
-0.3571819146528292,1.0,-1.0,1.8728866741423336
-0.3733032353811163,0.40039099276743606,1.0,3.2984594048196323
0.7810968516798042,0.9359945123116502,0.7679196134275017,9.565257005614841
-1.0,-0.424786656424893,-1.0,6.803451837904592
-0.6682302761113728,0.5597667459424427,0.7078793739107627,-1.0998449220289028
-0.5261988872045122,1.0,0.2828125847865144,5.73570661439167
-1.0,0.6006875332741215,-0.2592072984838909,-0.06501487329713002
-0.8376203484761153,0.8830832611235113,-0.9267001536379342,2.49962621113172
-0.27461093893120614,-0.8560429268618615,-1.0,-9.556302130675528
-0.1865324393551795,-0.1006539802980484,-0.1825604568407686,0.3608213706154
-0.17673041762582242,0.29347361940625194,-0.018388875470698673,-0.7101863096515237
-0.06897720755681958,-0.9658981788221348,-0.5327053290155384,0.4835050257324024
-1.0,-0.5337950846955248,-0.45917322207603695,-0.7916882498155133
-0.4217928392265231,0.40074449928467937,0.17084223436621904,-1.0952706301070718
-0.2333821615571141,-0.41953777673726433,-0.05224330998742377,1.7938651125190788
-1.0,-0.26845857186501143,0.29405301855529786,-2.7553417892465464
0.1381006168191694,-0.7795443124456662,0.5475978371877877,1.0252661090926691
1.0,0.3503754644514405,0.5845252757157007,8.733444254882997
0.10864045609042017,0.19836931530853064,0.7054520522037078,1.0771603370411242
1.0,0.8604532173714841,-0.31261115087092395,9.343095166260765
0.7476691577868324,-1.0,1.0,-6.369398412986873
1.0,1.0,1.0,25.41060961222505
-0.7420700017394866,0.4306981402098966,-0.9900862682297762,1.6668769411789088
-0.13046483039334866,0.9856767043699293,-0.6331525591574965,7.159349466144275
-0.815105181379346,-0.2635469378850974,-0.2389906688276222,-0.6448672289289059
-0.8298554693139513,-0.8063448838542444,-0.7246867831511068,2.513602160753976
0.25384452097730636,-0.9588161486192541,-1.0,-16.92271781796816
0.1071596852327561,0.0227351158965845,-0.2515120642754958,0.9888429828546548
0.6175061702835043,0.142116267849139,-1.0,-1.629291078349149
-0.4368277083912486,1.0,0.06560378668420919,6.603058869074273
0.9769831300730243,0.625473729001377,0.23055431363595202,7.341789172385233
-0.4798061979746375,-0.6209615982888113,0.17994532836956556,0.88570570944547
-0.32787155882423535,-1.0,-0.9835482482299931,-13.533376271230088
0.28959770951844344,-0.8929294375173014,0.5383208861447697,0.5571420774176508
1.0,1.0,0.27108282151700935,13.600568995085741
0.45227359144137136,-1.0,-0.863290534105712,-12.99160372896839
0.2891885478876335,0.49314289405249934,0.13083356235376065,0.9174098582738148
1.0,-0.6368695325018614,0.6645418997209724,3.891743908359475
-1.0,0.7359591932890177,0.13885216989762372,-1.523170952200768
-0.4552540102603393,-0.7204257970144627,1.0,0.6611732507817626
-0.17312743830456956,-0.1134214208184281,0.589776424478804,0.209379401315064
1.0,-0.27345427364938013,1.0,7.61784610846412
0.203815771147136,0.5615862379332321,-0.5433888734605485,0.1889953482392246
-0.33966018109359397,-0.4582910316295803,-0.7157902714221398,0.4066645030133046
1.0,0.8193976724255378,-0.48489793169624185,9.821810707708902
-0.5566735168683499,0.4159723602845802,0.6213191013232207,-1.508144719385227
-0.4467560082293971,1.0,-0.6938867293361184,4.976778976916572
-0.16498532736742932,0.9323967151858321,0.29417871813665664,4.220224648414372
1.0,0.2190863660140261,-0.720542838063889,6.207070269502045
-0.8987190902158722,0.00531606157861364,-1.0,7.438088283830318
-0.6035236588389403,-0.1871545861584598,1.0,1.6765274302019666
-1.0,-1.0,0.6836989841023888,15.886029060598133
0.011874435392361216,1.0,0.00964302754718993,8.033862336085543
1.0,-1.0,-1.0,-29.011810994221676
0.22894470160632308,0.17146125638452747,0.8063182660555039,0.003279024821901455
1.0,-0.02396617416865965,0.1173844926027976,5.025729680128479
0.4592453460444301,-0.2820669990953062,-0.12971908580448543,0.8878667016116102
1.0,-0.07513203600321905,-0.6698777901836062,5.952657287286748
-0.1990655431331534,-0.20080333007542794,-0.9536801241217323,-2.474644599736072
0.21538272565394045,0.1412193548923817,0.3419265475171822,0.12781594896805326
0.4473540727334582,0.5400554857302213,-0.27768684582659686,1.1855997538049952
-0.07163433554080711,1.0,-0.2706331442248,9.117789893462604
-0.060765447950489326,-0.8053878926490661,-0.33137948830798947,1.6069789774008016
0.536991408540104,0.3177641158422617,-0.12542401006218729,1.0040152550424366
0.215967546734934,-0.19102941356419212,1.0,-0.823294691611929
-0.0875037111407424,-0.05084110559386046,0.027806239094384955,0.04532040682001526
1.0,-0.1251682729229615,-0.3861880978169199,4.3047578035706096
1.0,1.0,1.0,26.03696757547894
0.665775220095354,-0.5887496917172106,-0.6714844744349446,0.3711039895421621
-0.21018102915511316,-1.0,-1.0,-14.959915250725055
-0.22127197484513172,-1.0,-0.6715133632229511,-2.687481754548866
0.8100046929354212,-0.6292129696876969,0.8719522178949346,0.24238458395152085
0.5237902929486271,0.4104255334934783,-0.14386119398525365,0.9908346255458605
-0.04406716888139184,-1.0,0.2142061328613727,2.3054920325129302
1.0,0.5712595201184822,-0.27936056680451293,5.330214263538654
-0.651788983608651,0.796135702924766,-1.0,-1.6039333120746213
-0.9281069197155154,1.0,0.09655202880796598,4.554118136293868
-0.9000238148136417,0.317898533696815,-0.729654212998267,1.0638136514580776
-0.7493847123282404,0.056369189115631047,0.3754450607024211,-0.6974567047028656
-0.2417523578672518,-0.4665932059102136,-0.6755939741303747,0.5876969406414531
0.21407131071917784,-1.0,0.6986741369015896,-0.3186762224454017
0.7290423108941768,1.0,-0.3232614945162877,10.142131003183895
0.6808018661240314,-0.18787945981676724,0.9734656935708808,0.1940876489214695
0.9897715692522739,0.2974237189698359,0.35679845464241566,6.398935824519856
-0.7351393445085079,0.5165424470497375,-0.6557570845988134,-2.1868892572186835
0.9563624759429954,0.47925466987880383,0.8039515911481527,11.697356965359813
-0.7743922380253767,0.929708844220664,0.6332103509899831,1.1093843532106118
1.0,-0.032333270865227526,0.8511039084873409,10.04219244959757
0.7581710811314764,-1.0,-0.6412410335049648,-8.784098069900914
0.3120809004163829,-0.06959642360701812,-0.700109546834583,1.3220226266613575
0.9010447197957352,1.0,1.0,19.71768266220583
0.8116795609894294,0.026277521047459507,1.0,3.8146709618806476
-1.0,0.5543229792296889,-0.3971510211310636,0.13376801785955472
1.0,-1.0,1.0,-9.025844112031443
-0.4070067574781089,-0.9971378184250708,-0.5514642476303075,0.1506259832071312
0.03059117175863535,-0.6278039653434411,1.0,-2.183490434940522
1.0,-0.9058140331261582,0.26137890087675375,-2.540825081755184
0.2989627181611154,1.0,-0.13117604195681376,9.05000896809666
-0.6916480103905047,-0.5948160019664417,1.0,3.4429846848102743
0.612658037390831,0.7315794129047668,-0.2050432819441479,1.883585183101674
-1.0,0.8564059489664546,-0.9434666343610392,15.900667635186437
-1.0,-0.40790216764523857,1.0,7.202906651473196
1.0,-1.0,-0.8122043458846495,-17.02875992327936
0.8560456147926052,0.03566099913199117,-0.04744059438782999,3.223702986529264
0.7376323084761003,-0.5088618679423162,-1.0,-5.720821502217046
-1.0,0.7806875061602319,-0.5265953060472974,4.3363957796389805
0.3200096709873901,-0.38631249050244176,0.3573286648973999,1.3027916820841536
1.0,0.6272081122610107,1.0,25.22750070793523
0.8446712846883744,1.0,0.47242465398154687,9.504039439284998
0.3049961121368505,-0.17935449557574823,-1.0,-3.945493984535023
0.7919026878818238,0.01937608239447819,0.9158494574652216,3.0895632123025893
0.8255611847652182,0.643479554143662,-1.0,2.74323510945168
-0.17009197450111002,-0.4887252515629874,0.4621953392240272,0.8290890028229663
0.2833609578670224,0.3911257193398594,-0.6701937474118222,0.19964996816092112
0.10182528308306438,0.05104597125571031,0.21109408327409196,0.6246838032901257
1.0,0.8015211363858434,-0.9908599902202451,19.95397288636752
0.9885641173297541,0.1614158895590876,1.0,14.562049924603272
-1.0,0.20416756339540099,1.0,2.8080187072675518
0.5042314353486965,0.160604902394343,0.44430118933624363,1.2384870746578573
-0.9304193899156714,-1.0,-0.4039651587325599,5.8670488971839685
0.030026153526296007,-0.08759790112542776,1.0,-0.43557536358907134
-0.14262163742668843,1.0,0.9826341991692977,13.474936844265423
1.0,-0.10407005697452032,0.5098781640408534,6.317388728038281
-0.3906293208693232,-1.0,0.47729314487884844,3.101586177343968
-0.3469482397709964,0.7700560281809183,0.589142475772177,2.277068373183159
1.0,0.8816269684052198,1.0,26.45697757500979
0.05207291879593745,0.46045405012990503,0.6209637950110454,-0.3290720016948012
-0.5307272424719962,0.7085655243393263,0.8229439558366922,3.103502437133881
-1.0,0.5761500098030212,1.0,6.160785596721498
0.6224573184087105,-0.45470714414895697,1.0,-2.2918107076473127
-0.262277008552082,0.5693423701085008,1.0,4.834026929127142
0.5422499004153039,-0.9490574905974976,1.0,-5.774387439423621
-1.0,1.0,0.8181159070570407,4.231513728500059
-0.170191232743931,-1.0,0.4640225272646432,1.0428014766618632
-1.0,-0.4878487656285737,-0.20384189618419923,-1.242065650234775
-0.5579808540777234,0.19469056338666757,-0.45891987160145753,-1.1107319784527685
-1.0,0.095352864006236,0.09968178521006088,-4.383551723623358
0.8540386453179112,-0.6250317922242712,-0.9198915724643484,-1.8181464648033594
-0.41754075667475443,0.2698219103490769,0.16332118314156885,-1.0448823097710052
-1.0,-0.5099325067833529,-1.0,5.409530782452112
-0.9950278936248318,1.0,0.18686665166123984,5.19298611976736
-0.4494302633433833,-0.9636704145160286,-0.30721715464620103,3.3406772002842535
0.8577165948148784,-0.3737609878915702,1.0,2.0334820599689354
0.2760775126728361,1.0,0.5596628627507918,7.274299270721534
-0.6225597371418328,-0.21029190867257141,0.24241293258929963,-0.4935236750009852
0.6664814663516874,-0.5012163553833766,0.4393185708209544,1.1337367529084403
0.24073358996590244,0.5822156076312683,0.231515354986491,0.01758496836365031
-1.0,1.0,0.3919171070932459,3.2035796312493883
-0.24235388075848507,-0.7615195619954207,0.002468417212973195,1.968834488604505
-0.10548188975184392,0.37034881422809396,-0.8069521847358825,-0.02823433443347012
0.2577501999962153,0.15609662295000892,-0.49938185189825846,1.4843943894376563
1.0,0.8435136675147603,-1.0,22.895731132293225
0.4910653850555653,0.42081960170940236,1.0,2.7315015758828265
-0.4292995893769864,-0.2744412455194132,0.5394773254885226,-0.07746832009006356
-0.682118922886155,-0.4150250473082435,-1.0,1.3863133304922899
-0.17797379591830276,-0.7191480020385339,-1.0,-7.57287922591559
0.3670042274713916,0.6237023254417791,-0.03151885004714927,1.4819819487926937
-0.40769218753083925,0.6993226661838816,-1.0,-3.8232115868402308
-1.0,0.26350022509122484,1.0,3.2930479437852442
-1.0,0.28920086206825135,-1.0,14.93032191585691
-0.4598142774361247,-0.3979579108425759,1.0,1.3953907610166503
-0.4855983695673134,1.0,-0.79591962874849,4.406637745671953
0.639072507817632,0.4035604017105101,-0.9446738345694214,0.432270495089358
-0.8684307809097362,-0.39061743623841005,1.0,4.2902786202407635
0.961809713154455,-0.8376221328464748,-1.0,-11.11389894714208
-1.0,1.0,-0.520296682012857,13.159500931579437
-0.5266396483460092,-0.04179242721238663,-0.09188375127460358,-1.108632125336225
0.6849104421798529,-0.9355931763360412,-0.4456235833956552,-1.8459880076687702
0.014352397028900343,1.0,0.18638615511711576,7.609162422242979
1.0,0.16996770099948777,0.19327047552978516,5.695460758871627
0.40458677424034595,0.7893115305215999,-0.687644615742627,2.6325678660163394
-0.2098855624543572,-1.0,-0.8366906021577825,-7.675262575212883
0.3005900966946906,1.0,-0.33991604097926964,9.604884496426466
1.0,-1.0,0.2906056231206857,-7.98613207042574
-0.7563440563835679,-0.15334768901978046,-0.42126479991398935,-0.15130975403138916
-0.2396200176848584,-0.4827781616942288,-1.0,-4.510303799526194
1.0,0.8700103997309312,0.5624590753748542,13.608560316611822
0.39386139033138945,-1.0,1.0,-7.407870268005659
0.13782560624054851,-1.0,-1.0,-18.43135470912678
-0.5699133535177006,0.5640449566862209,0.5304664299470827,-0.938105847801956
-0.4164158854181841,-0.13724603779131428,0.5093269912113267,-0.17169631893860324
-0.5260866655452223,0.14665343572569678,-0.19287850137018747,-0.9752114422385749
-0.6018692631250735,-0.08248768069745482,-0.010517431006183964,0.6142980192395417
-1.0,-1.0,1.0,22.182307319724945
0.2129579762639262,-0.5526279521237583,0.43655795869431735,1.2793906525360763
0.5461785438330236,0.08354507507623787,-0.421516573434807,1.2474068938903924
0.42758094106090083,0.13258764082555397,1.0,0.3605995113000015
1.0,1.0,0.8964325430451907,20.928513121399693
1.0,-0.151055973356633,-0.8154927978048638,6.587619884669837
-0.1321214560204178,0.23530583463695476,0.266840456895868,-0.03956530661783046
-0.3199537876318965,0.850492310227926,0.20136752916467526,1.21778136633579
0.043570734040892845,0.24000818605437302,0.1862429977645339,0.14547212792503045
1.0,-0.8702425918970731,-0.8271416228061865,-3.7199358865209566
-0.8706757116517703,0.8952275611303193,-0.9034941726886008,3.2353295784111498
0.9798825075142434,1.0,0.25987579310588926,12.36897424121798
0.016852078655259284,-0.4952560328711497,-0.5769745802128952,0.31622414540148713
-0.9405672641937677,0.6813686262484591,1.0,7.6405045215546945
1.0,0.9951030487590953,0.10532527697634886,13.839989575642633
0.35345178458981796,-1.0,-0.4181789016304194,-0.762119242977398
1.0,-0.2953988551993656,0.45423438392496296,5.513059424647251
0.1772000635208546,0.9247925234396155,0.31788035659827796,4.410269210335422
-1.0,1.0,-0.3185663449237792,11.545145816020883
-0.4867287154229829,0.8322895440280724,1.0,9.830851400160151
1.0,-0.48020618382871993,-0.2859608348344962,4.531821339583393
0.20556533289410805,0.12418907951343305,-0.09759094528606949,0.47144617724530685
-0.3601292025977805,0.5703670861019718,0.2159849952774877,-0.5377131350256507
0.6202103960901524,0.2093275904967269,-0.4054083146723537,0.0605971256247444
-0.8974403079059641,-0.09257541212636888,1.0,3.3793834290490317
1.0,-0.56993560114237,-0.9503413377711647,2.2178287299392783
0.48963142938502724,0.9816342330408707,0.1068633679399924,6.26791884763585
0.3495417452419256,-0.916425993978901,1.0,-5.242649241265844
-1.0,-1.0,0.7214852487049583,16.329917725291327
1.0,-0.26341244153313803,-0.16832226365732028,4.637743629301383
0.6365548682489097,0.36407720081456874,-1.0,-1.8612432491965731
0.6433514559601154,-0.9230849377543398,0.7098094335401528,-0.9530543612316932
0.7938728849392662,0.3464931793824453,1.0,7.817082527402069
-0.047655875331339415,-1.0,-0.19528300469547988,1.8859038259742777
-0.7920136929857391,-0.550350991736547,-1.0,1.1428724242653705
-0.27628805674538115,-0.590086036826228,1.0,0.17426658750396906
0.08912816249763988,1.0,0.1449549855494312,8.225156941164846
-0.09484821268958088,1.0,-1.0,2.96576819953665
0.43030300348818473,-0.958491490323842,0.5683802778555203,-0.4135983745360547
0.2018594171943653,1.0,-0.8466807334022732,9.485542038928852
-0.7175939420629265,1.0,0.4225419512540771,4.043966008052671
0.36252180253220234,1.0,0.3816796036164538,7.768555511504815
-0.3226097029705406,-0.1793372648818401,-0.18448739435445582,0.7769777891035796
1.0,-0.2251612541369572,-0.6921505196857609,7.210101977572288
-0.3879315273266817,0.35473955396171086,-1.0,-3.148254058178201
-0.6179267306745142,0.3497638245534169,0.12358774424594854,-2.460519853400045
1.0,-0.21067409158046546,-0.04089316918967678,4.044784282686687
-1.0,0.537914178842736,0.005058235046875081,-3.3314936906614316
-0.9377413388549236,-0.41082220701884786,-0.9776712762497173,4.876602397200672
-0.5808829950911434,0.4227044569601137,0.8046117002434279,-0.19342695463616444
-0.8143659739748008,1.0,-0.11107631942692686,4.807974456098486
0.01698012165250118,-0.5014072137860601,0.5344378263315861,0.9680079727248957
-0.8595410039040297,-0.12346288136268768,0.12943405380665673,-2.5239560826268015
1.0,-0.15378448143345547,-0.0729918205530824,4.24820614687141
-0.6738081212201583,1.0,0.7446527369587377,5.994332256124444
-1.0,0.8811597086162763,0.9540445960604613,8.81436085267481
0.34725980432518466,-0.5343835136219015,-0.20980527096814505,1.1093651190007323
-1.0,1.0,-0.1589292226870176,9.892786630067537
0.3374129146953322,1.0,0.1571751870328213,8.046794524517427
-0.20471126139681162,1.0,-0.6538532273051922,8.016294073463577
0.5751144920671099,0.8017802327933508,-0.8221388692061036,2.0525272820170652
-0.532920386024551,-1.0,0.8413869406284682,-0.3122762104242106
0.19090811718856426,-0.47256586358389474,-1.0,-5.7034140437168075
0.04888313280048551,0.6600207289219648,-0.4617319118662111,0.15563796074649916
-0.6680271755697362,0.15833334412734623,-0.8309758064450556,0.1801610329166789
-1.0,-1.0,1.0,21.864334230250574
0.7565080251399889,-1.0,-0.11619977075481147,-3.7504616384110987
1.0,-0.24686564962198965,-0.27234511525728045,4.111611308522578
-0.10004527136663466,0.645717946052347,0.23065911999002808,0.5024717224483186
-0.8570852248143985,0.24707640391854468,-0.11349923595030842,-3.3993699685018006
-0.7012976715376771,0.17970265817450515,0.8823262286336107,0.8028499653711509
0.48125382994585086,0.4277490779486506,0.6709235631183872,1.0469601151961991
0.948290560748849,0.6870879745879888,-0.4013663808239385,4.613608161590744
-1.0,-0.7289051759928198,-1.0,4.503175519341198
0.5780048513850149,-0.24733969657010602,-0.24340223273139672,1.8375270399673571
-0.7625490725302901,-0.1699516943979258,-0.017984360059444038,-0.23488838680123925
-0.42646583113931746,0.6858338505824297,0.6170643875471653,1.0571848747615533
-0.7952716727507556,-0.016553392317466997,1.0,2.968268215690853
0.080562835131754,0.544870658270129,-0.8114280201764446,-0.4339568430349847
-0.7230111316883756,-0.6575754260811395,-0.22208048294824945,2.371324854469343
-1.0,0.228940433764651,0.4908159852679761,-5.110831318044459
-1.0,0.5054397374258797,-0.10149812141907733,-2.588884023872957
-1.0,1.0,1.0,16.629062863074875
0.2024573897723143,0.15634414168459942,-1.0,-3.32293542887437
-1.0,1.0,-0.8432127468120985,15.224001427391253
-0.3159643342772842,0.40819048739035013,1.0,3.0963313748640076
1.0,-0.31460718575420077,0.5094678894853355,4.952570466455637
-0.6378520918985313,-0.44178413262925287,-1.0,0.29081591743690927
0.5074389660004073,-0.08624329705728839,1.0,-0.5740638956416664
-0.5193276952630344,-0.5064528925735876,0.17901362222320327,1.2495852271360601
-0.03194105632759392,0.3222803472814817,0.7474700549501152,0.0399037633173146
-0.5111460537886241,-0.2207844226488045,-0.5632052977021444,1.4402627283248535
0.3023712973010282,-0.7442639363084433,-0.11700245314119795,1.7160337345453227
